ID,Given String,Predicted Continuation,Full Method
1,"['String', 'function']","[('(', 1.0), ('java', 0.016425), ('.', 1.0), ('util', 0.2944915254237288), ('.', 1.0), (')', 'Paren balancing')]",String function ( java . util . )
2,"['com', '.']","[('liferay', 0.6642771804062126), ('.', 1.0), ('contacts', 0.0044964028776978415), ('.', 0.8333333333333334), ('model', 0.625), ('.', 0.9758269720101781), ('PasswordPolicyRel', 0.008939974457215836), ('function', 0.5714285714285714), ('(', 1.0), (')', 0.4331875), ('{', 0.4514930171549086), ('synchronized', 0.0035758752925942527), ('(', 1.0), ('mutex', 0.03640256959314775), (')', 1.0), ('{', 1.0), ('String', 0.012560386473429951), ('loc0', 0.7989337395277989), ('=', 0.8699520876112252), ('=', 0.06817233776294619), ('}', 'Bracket balancing'), ('}', 'Bracket balancing')]",com . liferay . contacts . model . PasswordPolicyRel function ( ) { synchronized ( mutex ) { String loc0 = = ) )
3,"['void', 'function']","[('(', 1.0), (')', 0.4331875), ('{', 0.4514930171549086), ('return', 0.37874396135265703), ('Lambda', 5.0716368708000506e-05), ('.', 1.0), ('index', 0.3333333333333333), ('=', 0.5), ('-', 0.047619047619047616), ('1', 0.8385093167701864), ('}', 'Bracket balancing')]",void function ( ) { return Lambda . index = - 1 )
4,"['BigInteger', 'function']","[('(', 1.0), (')', 0.4331875), ('{', 0.4514930171549086), ('this', 0.10428806215448977), ('.', 1.0), ('}', 'Bracket balancing')]",BigInteger function ( ) { this . )
5,"['int', 'function']","[('(', 1.0), ('@', 0.0082), ('Nonnull', 0.15022761760242792), ('final', 0.7357142857142858), ('LogMessage', 0.009708737864077669), ('arg0', 1.0), (')', 1.0), ('{', 0.6710117196842861), ('return', 0.37874396135265703), ('Result', 5.0716368708000506e-05), ('.', 1.0), ('empty', 0.14285714285714285), ('(', 1.0), (')', 1.0), (';', 0.28056119955762454), ('}', 0.581206452349828), ('startQueueWorker', 0.00013887602999722247), ('(', 1.0), (')', 1.0), ('{', 0.4514930171549086), ('return', 0.37874396135265703), ('false', 0.024572080639026245), (';', 1.0), ('}', 0.760119940029985), ('finally', 0.007545597629849088), ('{', 1.0), ('loc0', 0.15763546798029557), ('.', 0.426224010731053), ('valueToStringImpl', 8.526603001364257e-05), ('(', 1.0), ('arg1', 1.0), (')', 0.46377404830126895), (';', 0.3243733620052416), ('}', 'Bracket balancing')]",int function ( @ Nonnull final LogMessage arg0 ) { return Result . empty ( ) ; } startQueueWorker ( ) { return false ; } finally { loc0 . valueToStringImpl ( arg1 ) ; )
6,"['com', '.']","[('intellij', 0.006571087216248507), ('.', 1.0), ('tasks', 1.0), ('.', 0.8461538461538461), ('mantis', 0.7333333333333333), ('.', 1.0), ('model', 1.0), ('.', 0.9758269720101781), ('ShoppingItemField', 0.006385696040868455), ('>', 0.6), ('function', 1.0), ('(', 1.0), ('String', 0.1412), ('arg0', 0.9107784931850489), (',', 0.2893525864804824), ('Model', 0.0002754820936639118), ('arg1', 0.75), (')', 1.0), ('{', 0.5701229756064781), ('throw', 0.024483291000547837), ('}', 'Bracket balancing')]","com . intellij . tasks . mantis . model . ShoppingItemField > function ( String arg0 , Model arg1 ) { throw )"
7,"['void', 'function']","[('(', 1.0), (')', 0.4331875), ('{', 0.4514930171549086), ('final', 0.010229593107226456), ('byte', 0.023607176581680833), ('[', 0.8657718120805369), (']', 0.8702776513427402), ('function', 0.25931278098908156), ('(', 1.0), ('String', 0.1412), ('arg0', 0.9107784931850489), (')', 0.7086639162170739), ('{', 0.6710117196842861), ('return', 0.37874396135265703), ('false', 0.024572080639026245), (';', 1.0), ('}', 0.760119940029985), ('catch', 0.08480696231830386), ('(', 1.0), ('IOException', 0.13448802852776362), ('loc2', 0.05514705882352941), (')', 0.9375), (';', 0.5934959349593496), ('}', 0.581206452349828), ('return', 0.2501157300249977), ('loc0', 0.2975956449417813), (';', 0.6818704484476811), ('currentPerformance', 0.00020729684908789387), ('=', 1.0), ('performance', 1.0), ('(', 1.0), ('allBuildsTime', 1.0), (',', 1.0), ('memory', 1.0), (')', 1.0)]","void function ( ) { final byte [ ] function ( String arg0 ) { return false ; } catch ( IOException loc2 ) ; } return loc0 ; currentPerformance = performance ( allBuildsTime , memory )"
8,"['void', 'function']","[('(', 1.0), ('String', 0.1412), ('arg0', 0.9107784931850489), (',', 0.2893525864804824), ('Object', 0.023507805325987143), ('arg1', 0.34292972057578325), (')', 0.788546255506608), (';', 0.3243733620052416)]","void function ( String arg0 , Object arg1 ) ;"
9,"['List', '<']","[('String', 0.18903868698710433), ('>', 0.5940044411547002), ('function', 0.3599615014436959), ('(', 1.0), (')', 0.4331875), ('{', 0.4514930171549086), ('arg1', 0.002838786792170925), ('.', 0.5933147632311978), ('height', 0.00938337801608579), (',', 0.29591836734693877), ('this', 0.1), ('.', 0.6946902654867256), ('metadataTable', 5.3475935828877e-05), (';', 1.0), ('}', 1.0), ('return', 0.2501157300249977), ('true', 0.03871162861031302), (';', 1.0), ('else', 0.010135135135135136), ('loc0', 0.07221006564551423), ('+', 0.2972972972972973), ('+', 0.4566181127295757), ('loc0', 0.020023557126030624), (';', 0.11363636363636363), ('if', 0.03171641791044776), ('(', 1.0), ('loc2', 0.013748148148148148), ('.', 0.14757103574702107), ('height', 0.0055762081784386614), (')', 0.24489795918367346), ('mask', 0.02631578947368421), ('[', 1.0), ('loc3', 0.6666666666666666), ('*', 0.01020408163265306), ('arg0', 0.14285714285714285), ('.', 0.4147465437788018), ('replaceAll', 0.0031699396938302147), ('(', 0.9354838709677419), ('""', 0.7816091954022989), ('srini_string', 1.0), ('""', 1.0), (')', 0.4776894674259966), (';', 0.7920869906982838), ('for', 0.016067417156346377), ('(', 1.0), ('int', 0.48211988680216106), ('arg0', 0.6284711626487641), (')', 0.7018255578093306), ('{', 0.6710117196842861), ('return', 0.37874396135265703), ('new', 0.07924432610625079), ('HashSet', 0.004513540621865597), ('<', 0.8841463414634146), ('ChannelSftp', 0.01092896174863388), ('>', 1.0), ('(', 0.5), (')', 0.5903614457831325), ('{', 0.4514930171549086), ('arg0', 0.012102196324518153), ('.', 0.707681849082257), ('}', 'Bracket balancing'), ('}', 'Bracket balancing')]","List < String > function ( ) { arg1 . height , this . metadataTable ; } return true ; else loc0 + + loc0 ; if ( loc2 . height ) mask [ loc3 * arg0 . replaceAll ( "" srini_string "" ) ; for ( int arg0 ) { return new HashSet < ChannelSftp > ( ) { arg0 . ) )"
10,"['void', 'function']","[('(', 1.0), ('List', 0.0066375), (')', 0.05110732538330494), ('ObjectUtilities', 0.02631578947368421), ('.', 1.0), ('deepClone', 0.2), ('(', 1.0), ('this', 0.6666666666666666), ('.', 0.6189507930052867), ('repositories', 0.000213903743315508), (')', 0.25), ('{', 1.0), ('return', 0.37874396135265703), ('readVLong', 2.5358184354000253e-05), ('(', 1.0), ('arg0', 0.75), (')', 0.4486012470407789), ('{', 0.6710117196842861), ('return', 0.37874396135265703), ('recoveryPolicy', 2.5358184354000253e-05), ('}', 'Bracket balancing'), ('}', 'Bracket balancing')]",void function ( List ) ObjectUtilities . deepClone ( this . repositories ) { return readVLong ( arg0 ) { return recoveryPolicy ) )
11,"['String', 'function']","[('(', 1.0), (')', 0.4331875), (';', 0.28056119955762454), ('if', 0.05358344015331311), ('(', 1.0), ('arg0', 0.2232888888888889), (')', 0.4486012470407789), (';', 0.2480267878497967), ('tsMap', 1.2691482745929207e-05), ('.', 1.0), ('remove', 1.0)]",String function ( ) ; if ( arg0 ) ; tsMap . remove
12,"['com', '.']","[('amazonaws', 0.13261648745519714), ('.', 1.0), ('internal', 1.0), ('.', 1.0), ('SdkInternalList', 0.7136563876651982), ('<', 1.0), ('Message', 0.006172839506172839), ('<', 0.13636363636363635), ('?', 0.6153846153846154), ('extends', 0.2748041775456919), ('Number', 0.012738853503184714)]",com . amazonaws . internal . SdkInternalList < Message < ? extends Number
13,"['BooleanSubscription', 'function']","[('(', 1.0), (')', 0.4331875), ('{', 0.4514930171549086), ('FacesContext', 0.0010159868519348573), ('loc0', 0.4857142857142857), ('=', 1.0), ('children', 0.0004767296347059174), ('.', 0.9), ('}', 'Bracket balancing')]",BooleanSubscription function ( ) { FacesContext loc0 = children . )
14,"['float', 'function']","[('(', 1.0), ('DoubleConsumer', 1.25e-05), ('arg0', 1.0), (')', 1.0), (',', 0.007015865422945069), ('arg1', 0.1506849315068493), (',', 0.3861859252823632), ('loc0', 0.022323571771483437), (',', 0.1644927536231884), ('arg2', 0.04923239809422975), (',', 0.4210868857793687), ('int', 0.08241170174812701), ('arg1', 0.6061050777810391), (',', 0.4297929792979298), ('UIXHierarchy', 0.00012001920307249159), ('arg2', 1.0)]","float function ( DoubleConsumer arg0 ) , arg1 , loc0 , arg2 , int arg1 , UIXHierarchy arg2"
15,"['ProgressGetResponseVerb', 'function']",[],ProgressGetResponseVerb function
16,"['TextAttributesKey', 'function']","[('(', 1.0), ('Collator', 2.5e-05), ('arg0', 1.0), (',', 1.0), ('String', 0.1318181818181818), (')', 'Paren balancing')]","TextAttributesKey function ( Collator arg0 , String )"
17,"['boolean', 'function']","[('(', 1.0), ('WaitOptions', 1.25e-05), ('arg0', 1.0), (')', 1.0), ('{', 0.6710117196842861), ('}', 'Bracket balancing')]",boolean function ( WaitOptions arg0 ) { )
18,"['void', 'function']","[('(', 1.0), ('String', 0.1412), (')', 'Paren balancing')]",void function ( String )
19,"['int', 'function']","[('(', 1.0), (')', 0.4331875), ('+', 0.01238394074226486), ('""', 0.5495841330774153), ('srini_string', 1.0)]","int function ( ) + "" srini_string"
20,"['void', 'function']","[('(', 1.0), ('Users', 3.75e-05), ('arg0', 1.0), (')', 1.0), ('{', 0.6710117196842861), ('this', 0.10428806215448977), ('.', 1.0), ('comments', 0.00032085561497326203), ('=', 0.8333333333333334), ('arg0', 0.8333333333333334), (';', 0.7737393355066935), ('}', 'Bracket balancing')]",void function ( Users arg0 ) { this . comments = arg0 ; )
21,"['Document', 'function']","[('(', 1.0), (')', 0.4331875), (';', 0.28056119955762454), ('if', 0.05358344015331311), ('(', 1.0), (')', 'Paren balancing')]",Document function ( ) ; if ( )
22,"['void', 'function']","[('(', 1.0), ('String', 0.1412), ('arg0', 0.9107784931850489), (')', 0.7086639162170739), ('{', 0.6710117196842861), ('return', 0.37874396135265703), ('arg0', 0.029643717509826296), (';', 0.28730399595346484), ('}', 0.8049015668943351), ('return', 0.2501157300249977), ('new', 0.03598971722365039), ('WsParameters', 0.00025075225677031093), ('(', 1.0), (')', 1.0), ('{', 0.4514930171549086), ('return', 0.37874396135265703), ('m_pooledObjects', 2.5358184354000253e-05), ('.', 1.0), ('size', 0.3333333333333333), ('(', 0.9523489932885906), (')', 0.9966124661246613), ('{', 0.4514930171549086), ('return', 0.37874396135265703), ('-', 0.0030429821224800305), ('1', 0.9011406844106464), (';', 0.38104448742746616), ('}', 'Bracket balancing'), ('}', 'Bracket balancing')]",void function ( String arg0 ) { return arg0 ; } return new WsParameters ( ) { return m_pooledObjects . size ( ) { return - 1 ; ) )
23,"['void', 'function']","[('(', 1.0), ('Object', 0.0149875), ('arg0', 0.8750969743987588), (')', 0.7505486466715435), ('{', 0.6710117196842861), ('List', 0.004103790029383933), ('<', 0.8926940639269406), ('Activity', 0.00029308323563892143), ('}', 'Bracket balancing')]",void function ( Object arg0 ) { List < Activity )
24,"['WildcardType', 'function']","[('(', 1.0), (')', 0.4331875), ('{', 0.4514930171549086), ('ContentValues', 3.9842621644504206e-05), ('loc0', 1.0), ('=', 1.0), ('ensureCount', 5.9591204338239674e-05), ('(', 1.0), ('arg0', 1.0), (')', 0.4486012470407789), ('{', 0.6710117196842861), ('if', 0.09662831814333384), ('(', 1.0), ('!', 0.08047407407407407), ('loc0', 0.08048937540244688), ('.', 0.8162162162162162), ('first', 0.00042633015006821284), ('=', 0.2727272727272727), ('0', 0.09375), (';', 0.6895054282267793), ('loc1', 0.2027226990233797), (')', 'Paren balancing'), ('}', 'Bracket balancing'), ('}', 'Bracket balancing')]",WildcardType function ( ) { ContentValues loc0 = ensureCount ( arg0 ) { if ( ! loc0 . first = 0 ; loc1 ) ) )
25,"['void', 'function']","[('(', 1.0), (')', 0.4331875), (';', 0.28056119955762454), ('ServletFileUpload', 1.2691482745929207e-05), ('loc2', 1.0), ('=', 1.0), ('new', 0.08935466078323222), ('ManagedObjectReference', 0.00014536996656490768), ('[', 1.0), (']', 0.6666666666666666), ('function', 0.25931278098908156)]",void function ( ) ; ServletFileUpload loc2 = new ManagedObjectReference [ ] function
26,"['SourceDataMap', 'function']",[],SourceDataMap function
27,"['long', 'function']","[('(', 1.0), ('long', 0.017775), ('arg0', 0.9175392670157068), (',', 0.16914749661705006), ('int', 0.09577594123048669), ('arg1', 0.6061050777810391), (',', 0.4297929792979298), ('arg2', 0.29236677868458955), (')', 0.5466970387243736), ('{', 0.5832716506291635), ('aliasSpecificLockModes', 2.9881966233378156e-05), ('=', 1.0), ('new', 0.5), ('com', 0.023695304550079954), ('.', 1.0), ('google', 0.04958183990442055), ('.', 1.0), ('api', 0.9518072289156626), ('.', 1.0), ('}', 'Bracket balancing')]","long function ( long arg0 , int arg1 , arg2 ) { aliasSpecificLockModes = new com . google . api . )"
28,"['String', 'function']","[('(', 1.0), ('int', 0.053075), (')', 0.06255721696673787), ('blockList', 0.0024390243902439024), ('[', 1.0)]",String function ( int ) blockList [
29,"['void', 'function']","[('(', 1.0), (')', 0.4331875), ('{', 0.4514930171549086), ('_account', 6.972458787788236e-05), ('.', 1.0), ('setUserName', 0.07142857142857142), ('(', 1.0), ('arg0', 1.0), (')', 0.4486012470407789), (';', 0.2480267878497967), ('BayesianEvent', 1.2691482745929207e-05), ('loc3', 1.0), ('=', 1.0), ('new', 0.06072874493927125), ('com', 0.023695304550079954), ('.', 1.0), ('amazon', 0.031660692951015534), ('.', 1.0), ('ec2', 0.9056603773584906), ('.', 1.0), ('ModifyImageAttributeResponseType', 0.020833333333333332), ('function', 1.0), ('(', 1.0), ('String', 0.1412), ('arg0', 0.9107784931850489), (',', 0.2893525864804824), ('arg1', 0.23269054178145088), ('[', 0.002172024326672459), ('2', 0.06639004149377593), (']', 0.9741935483870968), (';', 0.2903225806451613), ('}', 0.38261322228006245), ('if', 0.03920933246921581), ('(', 1.0), (')', 'Paren balancing'), (')', 'Paren balancing')]","void function ( ) { _account . setUserName ( arg0 ) ; BayesianEvent loc3 = new com . amazon . ec2 . ModifyImageAttributeResponseType function ( String arg0 , arg1 [ 2 ] ; } if ( ) )"
30,"['float', 'function']","[('(', 1.0), ('GenerateQRCodeResponse', 1.25e-05), ('arg0', 1.0), (')', 1.0), (';', 0.2480267878497967), ('if', 0.05358344015331311), ('(', 1.0), ('loc0', 0.14974814814814816), ('.', 0.19611451942740285), ('onDestroy', 0.00017053206002728513), ('(', 1.0), (')', 1.0), ('{', 0.4514930171549086), ('if', 0.09662831814333384), ('(', 1.0), ('LOG', 0.01771851851851852), ('.', 0.9867549668874173), (')', 'Paren balancing'), (')', 'Paren balancing'), ('}', 'Bracket balancing')]",float function ( GenerateQRCodeResponse arg0 ) ; if ( loc0 . onDestroy ( ) { if ( LOG . ) ) )
31,"['Boolean', 'function']","[('(', 1.0), ('String', 0.1412), ('[', 0.02558742369763358), (']', 0.9091760299625468), ('arg2', 0.025369299935773925), (')', 'Paren balancing')]",Boolean function ( String [ ] arg2 )
32,"['void', 'function']","[('(', 1.0), ('String', 0.1412), ('arg0', 0.9107784931850489), (')', 0.7086639162170739), ('+', 0.001494857689547955), ('2082844800L', 0.003838771593090211), (';', 1.0)]",void function ( String arg0 ) + 2082844800L ;
33,"['String', 'function']","[('(', 1.0), (')', 0.4331875), ('{', 0.4514930171549086), ('initActions', 9.960655411126052e-06), ('(', 1.0), (')', 1.0), (';', 0.28056119955762454), ('}', 0.581206452349828), ('else', 0.09878714933802425), ('{', 0.8438914027149321), ('java', 0.0015814443858724301), ('.', 1.0), ('util', 0.2944915254237288), ('.', 1.0), ('Map', 0.04212454212454213), ('<', 1.0), ('String', 0.7389255419415646), ('>', 0.5940044411547002), ('}', 'Bracket balancing')]",String function ( ) { initActions ( ) ; } else { java . util . Map < String > )
34,"['SourceProvider', 'function']",[],SourceProvider function
35,"['short', 'function']","[('(', 1.0), ('List', 0.0066375), ('<', 0.868824531516184), ('PartitionContainer', 0.00029308323563892143), ('>', 1.0), (')', 'Paren balancing')]",short function ( List < PartitionContainer > )
36,"['IntArrayList', 'function']",[],IntArrayList function
37,"['String', 'function']","[('(', 1.0), (')', 0.4331875), ('.', 0.07301766929862916), ('getScreenshotAs', 0.0001120197154699227), ('(', 1.0), (')', 'Paren balancing')]",String function ( ) . getScreenshotAs ( )
38,"['String', 'function']","[('(', 1.0), ('int', 0.053075), ('arg0', 0.6284711626487641), (')', 0.7018255578093306), ('{', 0.6710117196842861), ('}', 'Bracket balancing')]",String function ( int arg0 ) { )
39,"['String', 'function']","[('(', 1.0), (')', 0.4331875), ('{', 0.4514930171549086), ('lockChain', 9.960655411126052e-06), ('(', 1.0), (')', 'Paren balancing'), ('}', 'Bracket balancing')]",String function ( ) { lockChain ( ) )
40,"['String', 'function']","[('(', 1.0), ('Date', 0.0029125), ('arg0', 0.9549180327868853), (')', 0.9015384615384615), (';', 0.2480267878497967), ('this', 0.008680974198215577), ('.', 1.0), ('allowedOrigins', 0.00026737967914438503), ('=', 0.5)]",String function ( Date arg0 ) ; this . allowedOrigins =
41,"['boolean', 'function']","[('(', 1.0), ('InputStream', 0.003075), ('arg0', 0.9384615384615385), (')', 0.5606557377049181), ('{', 0.6710117196842861), ('return', 0.37874396135265703), ('mThrowableMessage', 2.5358184354000253e-05), (';', 1.0), ('}', 1.0), ('changeSupport', 4.629200999907416e-05), ('.', 1.0), ('firePropertyChange', 0.5714285714285714), ('(', 1.0), ('HEADER_VALUE_PROPERTY', 0.04), (',', 1.0), ('loc0', 1.0), ('.', 0.23731884057971014), ('get', 0.024471350613915414), ('(', 0.9996771068776235), ('arg0', 0.4023686607956271), (')', 0.4486012470407789), (';', 0.2480267878497967), ('return', 0.09113753759851763), ('m_size', 0.00010111223458038423), (';', 1.0), ('loc1', 0.5), ('=', 0.06480356419603078), ('Display', 0.0014404033129276198), ('.', 1.0), ('getDefault', 0.6071428571428571), ('(', 1.0), (')', 1.0), ('+', 0.01238394074226486), ('""', 0.5495841330774153), ('srini_string', 1.0), ('""', 1.0), (',', 0.17497966080480631), ('loc0', 0.14091559370529327), (')', 0.5590579710144927), (';', 0.5940660822656777), ('this', 0.008680974198215577), ('.', 1.0), ('x0', 0.00016042780748663101), ('=', 0.6666666666666666), ('arg3', 0.5), (';', 0.5294117647058824), ('loc1', 0.03488372093023256), ('.', 0.2535439449169704), ('add', 0.02841858910063524)]","boolean function ( InputStream arg0 ) { return mThrowableMessage ; } changeSupport . firePropertyChange ( HEADER_VALUE_PROPERTY , loc0 . get ( arg0 ) ; return m_size ; loc1 = Display . getDefault ( ) + "" srini_string "" , loc0 ) ; this . x0 = arg3 ; loc1 . add"
42,"['void', 'function']","[('(', 1.0), (')', 0.4331875), (';', 0.28056119955762454), ('region', 0.00032997855139415937), ('.', 1.0), ('getVertices', 0.7647058823529411), ('(', 1.0), (')', 1.0), ('{', 0.4514930171549086), ('finer', 9.960655411126052e-06), ('}', 'Bracket balancing')]",void function ( ) ; region . getVertices ( ) { finer )
43,"['String', 'function']","[('(', 1.0), (')', 0.4331875), ('{', 0.4514930171549086), ('return', 0.37874396135265703), ('killedProcess', 2.5358184354000253e-05), (';', 1.0), ('}', 1.0), ('else', 0.09878714933802425)]",String function ( ) { return killedProcess ; } else
44,"['Object', 'function']","[('(', 1.0), ('EventBus', 3.75e-05), ('arg0', 1.0), (')', 1.0), ('{', 0.6710117196842861), ('return', 0.37874396135265703), ('nativeJoin', 5.0716368708000506e-05), ('}', 'Bracket balancing')]",Object function ( EventBus arg0 ) { return nativeJoin )
45,"['void', 'function']","[('(', 1.0), ('Font', 0.0001125), ('loc0', 0.15384615384615385), (':', 0.3333333333333333), ('this', 0.046464646464646465), ('.', 0.8518518518518519), ('traverseEmptyCells', 5.3475935828877e-05), ('=', 1.0), ('arg0', 1.0), (';', 0.7737393355066935), (')', 'Paren balancing')]",void function ( Font loc0 : this . traverseEmptyCells = arg0 ; )
46,"['String', 'function']","[('(', 1.0), ('Long', 0.0028), ('.', 0.14685314685314685), ('MAX_VALUE', 0.20915032679738563), (')', 0.48717948717948717)]",String function ( Long . MAX_VALUE )
47,"['AnnotatedElementBuilder', 'function']","[('(', 1.0), ('com', 0.0080875), ('.', 1.0), ('liferay', 0.6642771804062126), ('.', 1.0), ('portal', 0.704136690647482), ('.', 1.0), ('kernel', 0.768837803320562), ('.', 1.0), ('model', 0.24881889763779527), ('.', 0.9758269720101781), ('ClusterGroup', 0.002554278416347382), ('function', 1.0), ('(', 1.0), (')', 0.4331875), (')', 'Paren balancing')]",AnnotatedElementBuilder function ( com . liferay . portal . kernel . model . ClusterGroup function ( ) )
48,"['void', 'function']","[('(', 1.0), ('double', 0.0069625), ('arg0', 0.7195845697329377), (')', 0.6616822429906543), ('{', 0.6710117196842861), ('loc0', 0.02460281886548135), ('[', 0.059691482226693494), ('loc1', 0.3737931034482759), (']', 0.9096244131455399), ('^', 0.004878048780487805), ('}', 'Bracket balancing')]",void function ( double arg0 ) { loc0 [ loc1 ] ^ )
49,"['String', 'function']","[('(', 1.0), (')', 0.4331875), ('{', 0.4514930171549086), ('return', 0.37874396135265703), ('set', 0.00025358184354000256), ('.', 0.36363636363636365), ('addValueToSet', 0.04), ('(', 1.0), ('arg0', 1.0), (')', 0.4486012470407789), ('{', 0.6710117196842861), ('LogUtils', 2.9881966233378156e-05), ('.', 1.0), ('log', 0.5), ('(', 0.9457831325301205), ('arg0', 0.11693548387096774), (')', 0.4486012470407789), ('{', 0.6710117196842861), ('return', 0.37874396135265703), ('isFluidEqual', 2.5358184354000253e-05), ('(', 1.0), ('FluidContainerRegistry', 0.5), ('.', 1.0), ('getFluidForFilledItem', 1.0), ('(', 1.0), ('arg0', 1.0), (',', 0.2759494515021173), ('arg1', 0.23269054178145088), (',', 0.3861859252823632), ('JoinType', 0.00024003840614498319), ('arg3', 0.5), (',', 1.0), ('arg4', 0.2583732057416268), (',', 0.4620938628158845), ('arg5', 0.3611940298507463), (')', 0.475177304964539), ('{', 0.5416666666666666), ('}', 0.02073808456596444), ('return', 0.1928374655647383), ('(', 0.03251171934069257), ('(', 0.12587930396149574), ('StatementPortal', 0.0017953321364452424), ('arg0', 0.6), (')', 1.0), ('{', 0.6710117196842861), ('final', 0.010229593107226456), ('byte', 0.023607176581680833), ('loc0', 0.013422818791946308), ('=', 0.7666666666666667), ('new', 0.2509981526726655), ('TreeBuilder', 0.00014536996656490768), ('(', 1.0), (')', 1.0), ('{', 0.4514930171549086), ('loc0', 0.02460281886548135), ('+', 0.0720992622401073), ('(', 0.010766307789740342), ('loc1', 0.0463768115942029), ('=', 0.05417001877178868), ('numberOfBytes', 0.00018005041411595248), (';', 1.0), ('while', 1.0), ('(', 1.0), ('loc1', 0.1574307304785894), (')', 0.4035934566908018), ('{', 0.18209666439754935), ('return', 0.37874396135265703), ('read', 0.00025358184354000256), ('(', 1.0), ('arg0', 0.27638190954773867), (',', 0.2759494515021173), ('int', 0.09577594123048669), ('[', 0.01995890813031993), (']', 0.794392523364486), ('function', 0.25931278098908156), (')', 'Paren balancing'), (')', 'Paren balancing'), (')', 'Paren balancing'), (')', 'Paren balancing'), ('}', 'Bracket balancing'), ('}', 'Bracket balancing'), ('}', 'Bracket balancing'), ('}', 'Bracket balancing'), ('}', 'Bracket balancing'), ('}', 'Bracket balancing')]","String function ( ) { return set . addValueToSet ( arg0 ) { LogUtils . log ( arg0 ) { return isFluidEqual ( FluidContainerRegistry . getFluidForFilledItem ( arg0 , arg1 , JoinType arg3 , arg4 , arg5 ) { } return ( ( StatementPortal arg0 ) { final byte loc0 = new TreeBuilder ( ) { loc0 + ( loc1 = numberOfBytes ; while ( loc1 ) { return read ( arg0 , int [ ] function ) ) ) ) ) ) ) ) ) )"
50,"['void', 'function']","[('(', 1.0), (')', 0.4331875), ('{', 0.4514930171549086), ('return', 0.37874396135265703), ('TaskType', 5.0716368708000506e-05), ('.', 1.0), ('valueOf', 0.3333333333333333), ('(', 1.0), (')', 'Paren balancing'), ('}', 'Bracket balancing')]",void function ( ) { return TaskType . valueOf ( ) )
51,"['void', 'function']","[('(', 1.0), (')', 0.4331875)]",void function ( )
52,"['boolean', 'function']","[('(', 1.0), (')', 0.4331875), ('.', 0.07301766929862916), ('getExternalContext', 0.007505320936484821), ('(', 1.0), (')', 1.0), ('{', 0.4514930171549086), ('readBytes', 9.960655411126052e-06), ('(', 1.0), ('loc0', 0.25), (',', 0.13936605316973416), ('arg1', 0.11011116993118052), (')', 0.545902114103678), (';', 0.3243733620052416), ('}', 0.581206452349828), ('final', 0.003934820849921304), ('String', 0.12790697674418605), ('arg1', 0.17155110793423875), (',', 0.3895231699126931), ('Map', 0.004680748919827172), ('<', 0.8224852071005917), ('String', 0.7389255419415646), ('>', 0.5940044411547002), ('(', 0.17420596727622714), (')', 0.5903614457831325), ('{', 0.4514930171549086), ('digest', 5.976393246675631e-05), ('.', 0.8333333333333334), ('update', 0.35714285714285715), ('(', 0.9583333333333334), ('arg1', 0.09345794392523364), (',', 0.24805566925910766), ('arg2', 0.29236677868458955), (')', 0.5466970387243736), ('}', 'Bracket balancing')]","boolean function ( ) . getExternalContext ( ) { readBytes ( loc0 , arg1 ) ; } final String arg1 , Map < String > ( ) { digest . update ( arg1 , arg2 ) )"
53,"['List', '<']","[('Vector3', 0.0005861664712778429), ('>', 1.0), ('function', 0.25), ('(', 1.0), (')', 0.4331875), ('{', 0.4514930171549086), ('return', 0.37874396135265703), ('this', 0.07082540890072271), ('.', 0.5570848773601553), ('visible', 0.00026737967914438503), ('.', 0.16666666666666666), ('addAll', 0.5), ('(', 1.0), ('arg0', 0.34782608695652173), ('.', 0.11803541062318695), ('setCancelled', 7.731560228854182e-05), ('(', 1.0), ('false', 0.6666666666666666), (')', 0.8599221789883269), (';', 0.8395061728395061), ('logger', 0.0006345741372964604), ('.', 1.0), ('debug', 0.44145873320537427), ('(', 0.9874213836477987), ('""', 0.9140461215932913), ('srini_string', 1.0), ('""', 1.0), (')', 0.4776894674259966), ('+', 0.006157474125507664), ('""', 0.5495841330774153), ('srini_string', 1.0), ('""', 1.0), (')', 0.4776894674259966), (';', 0.7920869906982838), ('rowIn', 3.807444823778762e-05), ('=', 1.0), ('new', 1.0), ('NioWorkerPool', 0.00029073993312981537), ('(', 1.0), ('Executors', 1.0), ('.', 1.0), ('newCachedThreadPool', 0.4444444444444444), ('(', 1.0), (')', 0.75), ('{', 0.4514930171549086), ('this', 0.10428806215448977), ('.', 1.0), ('sbbClasses', 5.3475935828877e-05), ('=', 1.0), ('arg0', 1.0), ('.', 0.16889782895193176), ('writeLong', 0.0007731560228854183), ('(', 1.0), ('myTimestamp', 0.08333333333333333), (')', 1.0), (';', 1.0), ('}', 0.581206452349828), ('else', 0.09878714933802425), ('if', 0.1330316742081448), (')', 'Paren balancing'), ('}', 'Bracket balancing')]","List < Vector3 > function ( ) { return this . visible . addAll ( arg0 . setCancelled ( false ) ; logger . debug ( "" srini_string "" ) + "" srini_string "" ) ; rowIn = new NioWorkerPool ( Executors . newCachedThreadPool ( ) { this . sbbClasses = arg0 . writeLong ( myTimestamp ) ; } else if ) )"
54,"['void', 'function']","[('(', 1.0), (')', 0.4331875), ('.', 0.07301766929862916), ('hashCode', 0.004592808334266831), ('(', 0.9672131147540983), ('true', 0.002320185614849188), (')', 0.9039812646370023), ('loc0', 0.001199040767386091), ('.', 0.6024890190336749)]",void function ( ) . hashCode ( true ) loc0 .
55,"['void', 'function']","[('(', 1.0), ('float', 0.0051125), ('[', 0.07086614173228346), (']', 0.896774193548387), ('loc0', 0.13599871547848427), ('=', 0.9763872491145218), ('next', 0.0007746856563971158), ('(', 0.6666666666666666), (')', 0.9636871508379888), (';', 0.28056119955762454), (')', 'Paren balancing')]",void function ( float [ ] loc0 = next ( ) ; )
56,"['void', 'function']","[('(', 1.0), (')', 0.4331875), (';', 0.28056119955762454), ('return', 0.09113753759851763), ('this', 0.22578361981799797), ('.', 0.5570848773601553), ('process', 0.000106951871657754), ('(', 0.9565217391304348), ('this', 0.058823529411764705), ('.', 0.6189507930052867), (')', 'Paren balancing')]",void function ( ) ; return this . process ( this . )
57,"['CassandraYamlBuilder', 'function']","[('(', 1.0), ('Object', 0.0149875), ('arg0', 0.8750969743987588), (')', 0.7505486466715435), ('{', 0.6710117196842861), ('animate', 9.960655411126052e-06), ('(', 1.0), ('arg0', 0.5), (',', 0.2759494515021173), ('String', 0.1318181818181818), ('>', 0.10292450691453185), ('loc0', 0.15351299326275264), ('=', 0.8904443091905052), ('of', 0.0012514152911030333), (')', 'Paren balancing'), ('}', 'Bracket balancing')]","CassandraYamlBuilder function ( Object arg0 ) { animate ( arg0 , String > loc0 = of ) )"
58,"['void', 'function']","[('(', 1.0), ('com', 0.0080875), ('.', 1.0), ('liferay', 0.6642771804062126), ('.', 1.0), ('portal', 0.704136690647482), ('.', 1.0), (')', 'Paren balancing')]",void function ( com . liferay . portal . )
59,"['void', 'function']","[('(', 1.0), ('String', 0.1412), ('.', 0.018730663098921314), ('valueOf', 0.21076923076923076), ('(', 1.0), ('arg1', 0.10888252148997135), (',', 0.24805566925910766), ('0', 0.007681228996639462), (',', 0.6756529064869419), ('loc0', 0.18787425149700598), (')', 0.5590579710144927), (';', 0.5940660822656777), ('int', 0.0074752833373523024), ('loc1', 0.49327354260089684), ('=', 0.9569672131147541), ('loc0', 0.14692113791861722), ('.', 0.6305443548387096), ('getMessage', 0.01227830832196453), ('(', 1.0), (')', 0.8281786941580757), ('{', 0.4514930171549086), ('arg0', 0.012102196324518153), ('.', 0.707681849082257), ('flip', 0.00015463120457708364), ('(', 1.0), (')', 0.4782608695652174), (')', 0.10854916283017411), (';', 0.5508535839403882), ('}', 0.581206452349828), ('return', 0.2501157300249977), ('arg0', 0.06683804627249357), (';', 0.28730399595346484), ('return', 0.09272800321414222), ('convertToHex', 0.00010111223458038423), ('(', 1.0), ('loc1', 1.0), (',', 0.139715741485653), ('loc0', 0.125810635538262), (')', 0.5590579710144927), (';', 0.5940660822656777), ('return', 0.09113753759851763), ('getResourceForResource', 0.00010111223458038423), ('(', 1.0), ('loc0', 1.0), ('=', 0.10869120654396729), ('arg0', 0.08801620880758), (';', 0.7737393355066935), ('this', 0.014383286460425873), ('.', 1.0), ('saturation', 0.000106951871657754), ('=', 0.5), ('arg1', 1.0), (')', 'Paren balancing')]","void function ( String . valueOf ( arg1 , 0 , loc0 ) ; int loc1 = loc0 . getMessage ( ) { arg0 . flip ( ) ) ; } return arg0 ; return convertToHex ( loc1 , loc0 ) ; return getResourceForResource ( loc0 = arg0 ; this . saturation = arg1 )"
60,"['boolean', 'function']","[('(', 1.0), ('Connection', 0.0006875), ('arg0', 0.782608695652174), (')', 0.6666666666666666), ('{', 0.6710117196842861), ('return', 0.37874396135265703), ('getValueBinding', 0.00035501458095600353), ('(', 1.0), ('getJsfEl', 1.0), ('(', 1.0), ('arg0', 1.0), (',', 0.2759494515021173), ('double', 0.010927456382001837), ('arg1', 0.5572519083969466), (')', 0.6403162055335968), (';', 0.3243733620052416), ('this', 0.008680974198215577), ('.', 1.0), ('deviceViewport', 5.3475935828877e-05), ('.', 1.0), ('setBounds', 1.0), ('(', 1.0), ('new', 0.2727272727272727), ('ChainedGoogleClientRequestInitializer', 0.000481000481000481), ('(', 1.0), ('arg0', 1.0), ('=', 0.057617285185555665), ('=', 0.7983870967741935), ('0', 0.09149277688603531), (';', 0.6895054282267793), ('loc2', 0.08464042616158626), ('<', 0.3925), ('arg0', 0.10666666666666667), ('[', 0.024163568773234202), (')', 'Paren balancing'), (')', 'Paren balancing'), (')', 'Paren balancing'), ('}', 'Bracket balancing')]","boolean function ( Connection arg0 ) { return getValueBinding ( getJsfEl ( arg0 , double arg1 ) ; this . deviceViewport . setBounds ( new ChainedGoogleClientRequestInitializer ( arg0 = = 0 ; loc2 < arg0 [ ) ) ) )"
61,"['void', 'function']","[('(', 1.0), (')', 0.4331875), (';', 0.28056119955762454), ('this', 0.008680974198215577), ('.', 1.0), ('daoSession', 0.00016042780748663101), ('=', 1.0), ('arg0', 1.0), ('.', 0.16889782895193176), ('length', 0.09989175815679605)]",void function ( ) ; this . daoSession = arg0 . length
62,"['Object', 'function']","[('(', 1.0), (')', 0.4331875), ('+', 0.01238394074226486), ('""', 0.5495841330774153), ('srini_string', 1.0), ('""', 1.0), ('+', 0.2183490831716628), ('KafkaSource', 0.0008598452278589854), ('.', 1.0), ('AVG_RECORD_MILLIS', 0.6666666666666666)]","Object function ( ) + "" srini_string "" + KafkaSource . AVG_RECORD_MILLIS"
63,"['int', 'function']","[('(', 1.0), ('InputStream', 0.003075), ('arg0', 0.9384615384615385), (',', 0.43934426229508194), ('final', 0.047658402203856746), ('int', 0.1699429296131896), ('arg1', 0.19509043927648578), (',', 0.4297929792979298), ('arg2', 0.29236677868458955), (',', 0.4210868857793687), ('typeDesc', 0.10239029611130931), (')', 1.0), (';', 1.0), ('authorize', 1.2691482745929207e-05), ('(', 1.0), (')', 'Paren balancing')]","int function ( InputStream arg0 , final int arg1 , arg2 , typeDesc ) ; authorize ( )"
64,"['void', 'function']","[('(', 1.0), ('File', 0.003425), ('arg0', 0.8681672025723473), (')', 0.7272727272727273), ('{', 0.6710117196842861), ('consoleReporter', 9.960655411126052e-06), ('.', 1.0), ('stop', 1.0), ('(', 0.9878048780487805), (')', 0.865979381443299), ('}', 'Bracket balancing')]",void function ( File arg0 ) { consoleReporter . stop ( ) )
65,"['double', 'function']","[('(', 1.0), (')', 0.4331875), (';', 0.28056119955762454), ('loc0', 0.046615816125797974), ('.', 0.6209977661950856), ('add', 0.04945429740791269), ('(', 0.9990534784666352), ('loc0', 0.12522522522522522), (')', 0.3778118609406953), ('{', 0.24531355360755225), ('if', 0.09662831814333384), ('(', 1.0), ('arg0', 0.2232888888888889), (')', 'Paren balancing'), ('}', 'Bracket balancing')]",double function ( ) ; loc0 . add ( loc0 ) { if ( arg0 ) )
66,"['String', 'function']","[('(', 1.0), (')', 0.4331875), ('{', 0.4514930171549086), ('return', 0.37874396135265703), ('this', 0.07082540890072271), (';', 0.43956237868360687), ('}', 0.9826455842653298), ('catch', 0.08480696231830386), ('(', 1.0), ('DataAccessException', 0.0020376974019358125), ('loc0', 1.0), (')', 1.0), (';', 0.5940660822656777), ('if', 0.05358344015331311), ('(', 1.0), ('quoteStart', 0.0002962962962962963), ('!', 1.0), ('=', 1.0), ('null', 0.7878017789072427), (')', 'Paren balancing')]",String function ( ) { return this ; } catch ( DataAccessException loc0 ) ; if ( quoteStart ! = null )
67,"['void', 'function']","[('(', 1.0), (')', 0.4331875), (';', 0.28056119955762454), ('assert', 0.0005584252408208851), ('loc0', 0.2289156626506024), ('!', 0.2916666666666667), ('=', 1.0), ('null', 0.7878017789072427), (';', 0.16857037582903464), ('try', 0.02795425667090216), ('{', 0.9738219895287958), ('IpAddress', 0.00048661800486618007), ('loc0', 1.0), ('=', 1.0), ('new', 0.2509981526726655), ('Object', 0.005814798662596307), ('[', 0.8990825688073395), (']', 0.8962025316455696), ('loc1', 0.05346820809248555), ('=', 0.9579579579579579), ('new', 0.17302844796543032), ('}', 'Bracket balancing')]",void function ( ) ; assert loc0 ! = null ; try { IpAddress loc0 = new Object [ ] loc1 = new )
68,"['void', 'function']","[('(', 1.0), ('Object', 0.0149875), ('arg0', 0.8750969743987588), (')', 0.7505486466715435), ('{', 0.6710117196842861), ('return', 0.37874396135265703), ('SINGLETON', 0.00010143273741600101), (';', 1.0), ('}', 1.0), ('loc0', 0.012591426719748172), ('.', 0.6443661971830986), ('mWindow', 0.00042633015006821284), ('.', 0.4), ('registerPage', 0.3333333333333333), ('(', 1.0), ('arg0', 1.0), (',', 0.2759494515021173), ('String', 0.1318181818181818), ('arg1', 0.5978236227612787), (',', 0.3895231699126931), ('int', 0.10957753240518484), ('arg1', 0.6061050777810391), (')', 0.5684068406840684), ('{', 0.5701229756064781), ('return', 0.37874396135265703), ('add', 0.0007607455306200076), ('(', 0.9782608695652174), ('USERINFO_EMAIL', 0.0018018018018018018), (')', 1.0), (';', 1.0), ('}', 0.581206452349828), ('return', 0.2501157300249977), ('imgAdded', 0.00015121729925903524), (';', 1.0)]","void function ( Object arg0 ) { return SINGLETON ; } loc0 . mWindow . registerPage ( arg0 , String arg1 , int arg1 ) { return add ( USERINFO_EMAIL ) ; } return imgAdded ;"
69,"['java', '.']","[('util', 0.2944915254237288), ('.', 1.0), ('ArrayList', 0.07509157509157509), ('<', 0.8536585365853658), ('String', 0.16376582278481014), ('>', 0.5940044411547002), ('arg1', 0.04956689124157844), (',', 0.23916083916083916), ('int', 0.10957753240518484), ('arg2', 0.26240093924273555), (',', 0.35691987513007284), ('typeDesc', 0.10239029611130931)]","java . util . ArrayList < String > arg1 , int arg2 , typeDesc"
70,"['boolean', 'function']","[('(', 1.0), (')', 0.4331875), (';', 0.28056119955762454), ('arg0', 0.013567195055398322), ('[', 0.04798172124904798), ('loc1', 0.22719141323792486), (']', 0.9096244131455399), ('!', 0.015853658536585366), ('=', 1.0), ('null', 0.7878017789072427), (';', 0.16857037582903464), ('try', 0.02795425667090216), ('{', 0.9738219895287958), ('loc1', 0.01800486618004866), ('.', 0.4292845257903494), ('getActions', 0.0013373453694416582), ('(', 1.0), (')', 1.0), (';', 0.28056119955762454), ('}', 0.581206452349828), ('_diagnosisList', 4.629200999907416e-05), ('.', 1.0), ('size', 0.6666666666666666), ('(', 0.9523489932885906), (')', 0.9966124661246613), ('{', 0.4514930171549086), ('ListELResolver', 1.9921310822252103e-05), ('loc0', 1.0), ('=', 1.0), ('new', 0.2509981526726655), ('AtomicLongArray', 0.00029073993312981537), ('(', 1.0), (')', 'Paren balancing'), ('}', 'Bracket balancing')]",boolean function ( ) ; arg0 [ loc1 ] ! = null ; try { loc1 . getActions ( ) ; } _diagnosisList . size ( ) { ListELResolver loc0 = new AtomicLongArray ( ) )
71,"['Long', 'function']","[('(', 1.0), (')', 0.4331875), ('{', 0.4514930171549086), ('return', 0.37874396135265703), ('INSTANCE', 0.0008114618993280081), ('}', 'Bracket balancing')]",Long function ( ) { return INSTANCE )
72,"['Object', 'function']","[('(', 1.0), (')', 0.4331875), (';', 0.28056119955762454), ('arg0', 0.013567195055398322), ('[', 0.04798172124904798), ('loc0', 0.16815742397137745), ('>', 0.0068560235063663075), ('1', 0.02127659574468085), (':', 0.014705882352941176), ('0', 0.3790322580645161)]",Object function ( ) ; arg0 [ loc0 > 1 : 0
73,"['boolean', 'function']","[('(', 1.0), (')', 0.4331875), (',', 0.028034258378128136), ('arg1', 0.1506849315068493), (',', 0.3861859252823632), ('arg2', 0.29236677868458955), (',', 0.4210868857793687), ('int', 0.08241170174812701), ('arg3', 0.06838861168183152), (',', 0.39147286821705424), ('arg4', 0.2583732057416268), (',', 0.4620938628158845), ('float', 0.029850746268656716), ('arg3', 0.10704960835509138), (',', 0.45454545454545453), ('HSSFCellStyle', 0.0011961722488038277), ('arg4', 0.3333333333333333)]","boolean function ( ) , arg1 , arg2 , int arg3 , arg4 , float arg3 , HSSFCellStyle arg4"
74,"['void', 'function']","[('(', 1.0), ('WebView', 6.25e-05), ('arg0', 1.0), (',', 1.0), ('arg1', 0.23269054178145088), (')', 0.545902114103678), ('{', 0.5701229756064781), ('loc1', 0.005060012948852034), ('=', 0.36772046589018303), ('loc0', 0.14692113791861722), (';', 0.16381048387096775), ('}', 0.8134328358208955), ('Collections', 0.0006480881399870382), ('.', 1.0), ('emptyList', 0.11879049676025918), ('(', 1.0), (')', 1.0), ('{', 0.4514930171549086), ('throw', 0.024483291000547837), ('new', 0.8998435054773083), ('InsufficientInformationException', 0.0003368137420006736), ('(', 1.0), ('""', 1.0), ('srini_string', 1.0), ('""', 1.0), (')', 0.4776894674259966), (';', 0.7920869906982838), ('}', 0.581206452349828), ('return', 0.2501157300249977), ('forecastMappings', 0.00015121729925903524), ('.', 1.0), ('containsKey', 0.5), ('(', 1.0), ('arg0', 0.8006535947712419), (',', 0.2759494515021173), ('String', 0.1318181818181818), ('arg4', 0.014282475629109045), (')', 0.4520547945205479), ('{', 0.5871559633027523), ('return', 0.37874396135265703), ('MEM_BEAN', 2.5358184354000253e-05), ('.', 1.0), ('getNonHeapMemoryUsage', 1.0), ('(', 1.0), (')', 1.0), (';', 0.28056119955762454), ('loc0', 0.046615816125797974), ('=', 0.08711839166046165), ('new', 0.2509981526726655), ('Picture', 0.0007268498328245384), ('(', 1.0), ('""', 1.0), ('srini_string', 1.0), ('""', 1.0), (')', 'Paren balancing'), ('}', 'Bracket balancing')]","void function ( WebView arg0 , arg1 ) { loc1 = loc0 ; } Collections . emptyList ( ) { throw new InsufficientInformationException ( "" srini_string "" ) ; } return forecastMappings . containsKey ( arg0 , String arg4 ) { return MEM_BEAN . getNonHeapMemoryUsage ( ) ; loc0 = new Picture ( "" srini_string "" ) )"
75,"['void', 'function']","[('(', 1.0), (')', 0.4331875), ('{', 0.4514930171549086), ('return', 0.37874396135265703), ('ResourcesPlugin', 0.0007353873462660074), ('.', 1.0), ('getWorkspace', 1.0), ('(', 1.0), (')', 1.0), ('+', 0.01238394074226486), ('""', 0.5495841330774153), ('srini_string', 1.0), ('""', 1.0), (',', 0.17497966080480631), ('}', 'Bracket balancing')]","void function ( ) { return ResourcesPlugin . getWorkspace ( ) + "" srini_string "" , )"
76,"['void', 'function']","[('(', 1.0), ('long', 0.017775), ('loc1', 0.002617801047120419), ('=', 0.9083969465648855), ('(', 0.09290601368383147), ('AttributeField', 0.002050861361771944), (')', 0.8888888888888888), ('av', 0.875), ('.', 1.0), ('size', 0.4166666666666667), (')', 'Paren balancing')]",void function ( long loc1 = ( AttributeField ) av . size )
77,"['void', 'function']","[('(', 1.0), (')', 0.4331875), ('{', 0.4514930171549086), ('return', 0.37874396135265703), ('this', 0.07082540890072271), (';', 0.43956237868360687), ('}', 0.9826455842653298), ('acceptThread', 4.629200999907416e-05), ('=', 1.0), ('null', 1.0), (';', 0.16857037582903464), ('this', 0.014485387547649302), ('.', 1.0), ('unresolvedDestinationAddress', 5.3475935828877e-05)]",void function ( ) { return this ; } acceptThread = null ; this . unresolvedDestinationAddress
78,"['void', 'function']","[('(', 1.0), (')', 0.4331875), (';', 0.28056119955762454), ('return', 0.09113753759851763), ('loc0', 0.2780586450960566), (';', 0.6818704484476811), ('outContent', 0.00041459369817578774), ('.', 1.0), ('toString', 0.5), ('(', 0.9988876529477196), (')', 0.8942052099946837), ('{', 0.4514930171549086), ('return', 0.37874396135265703), ('new', 0.07924432610625079), ('HarvestedItem', 0.00025075225677031093), ('(', 1.0), ('arg0', 1.0), (')', 0.4486012470407789), ('{', 0.6710117196842861), ('this', 0.10428806215448977), ('.', 1.0), ('logMessage', 0.00026737967914438503), ('(', 0.2857142857142857), ('arg0', 0.5), ('=', 0.057617285185555665), ('=', 0.7983870967741935), ('null', 0.6200765526608223), (';', 0.16857037582903464), ('framingRectInPreview', 0.0017789072426937739), ('=', 1.0), ('null', 1.0), ('&', 0.06770449521002211), ('&', 0.9972789115646259), ('state', 0.001419782300047326), (')', 0.25), (';', 0.7575757575757576), ('}', 0.581206452349828), ('else', 0.09878714933802425), ('{', 0.8438914027149321), ('return', 0.4259356879283078), ('description', 0.002434385697984024), (';', 0.979381443298969), ('}', 0.9917355371900827), ('if', 0.03920933246921581), ('(', 1.0), ('loc1', 0.04468148148148148), ('.', 0.23196567444355054), ('getAdapter', 0.00033433634236041456), ('(', 1.0), ('Task', 0.14285714285714285), ('arg0', 0.7142857142857143), (')', 0.6470588235294118), ('{', 0.6710117196842861), ('this', 0.10428806215448977), ('.', 1.0), ('outFile', 0.0009625668449197861), ('=', 1.0), ('new', 0.9444444444444444), ('StringBuilder', 0.05974705625817706), ('(', 1.0), (')', 'Paren balancing'), (')', 'Paren balancing'), ('}', 'Bracket balancing'), ('}', 'Bracket balancing')]",void function ( ) ; return loc0 ; outContent . toString ( ) { return new HarvestedItem ( arg0 ) { this . logMessage ( arg0 = = null ; framingRectInPreview = null & & state ) ; } else { return description ; } if ( loc1 . getAdapter ( Task arg0 ) { this . outFile = new StringBuilder ( ) ) ) )
79,"['boolean', 'function']","[('(', 1.0), ('final', 0.0385375), ('String', 0.24394728777198896), ('arg0', 0.5854181558255898), (')', 0.7086639162170739), ('{', 0.6710117196842861), ('m_Objects', 9.960655411126052e-06), ('=', 1.0), ('new', 1.0), ('StringBuilder', 0.05974705625817706), ('(', 1.0), (')', 0.839622641509434), ('{', 0.4514930171549086), ('loc0', 0.02460281886548135), ('.', 0.426224010731053), ('hdel', 8.526603001364257e-05), ('(', 1.0), ('arg0', 1.0), (',', 0.2759494515021173), ('Class', 0.00743801652892562), ('<', 0.7916666666666666), ('?', 0.7097097097097097), ('extends', 0.2748041775456919), ('V1', 0.004246284501061571), ('>', 1.0), ('arg0', 0.3333333333333333), (')', 0.7330173775671406), ('{', 0.6710117196842861), ('loc0', 0.02460281886548135), ('.', 0.426224010731053), ('setDefaultField', 8.526603001364257e-05), ('(', 1.0), ('arg0', 1.0), (',', 0.2759494515021173), ('FilterChain', 4.591368227731864e-05), ('arg2', 0.875), (')', 1.0), ('{', 0.5832716506291635), ('GrayPaintScale', 1.9921310822252103e-05), ('loc0', 1.0), ('=', 1.0), ('=', 0.06817233776294619), ('null', 0.6200765526608223), (';', 0.16857037582903464), ('}', 0.6716645489199492), ('catch', 0.08480696231830386), ('(', 1.0), ('InterruptedException', 0.03922567498726439), ('loc0', 0.6883116883116883), (')', 1.0), (';', 0.5940660822656777), ('return', 0.09113753759851763), ('}', 'Bracket balancing'), ('}', 'Bracket balancing'), ('}', 'Bracket balancing')]","boolean function ( final String arg0 ) { m_Objects = new StringBuilder ( ) { loc0 . hdel ( arg0 , Class < ? extends V1 > arg0 ) { loc0 . setDefaultField ( arg0 , FilterChain arg2 ) { GrayPaintScale loc0 = = null ; } catch ( InterruptedException loc0 ) ; return ) ) )"
80,"['StructField', 'function']","[('(', 1.0), (')', 0.4331875), ('{', 0.4514930171549086), ('return', 0.37874396135265703), ('Long', 0.00045644731837200456), ('.', 1.0), ('SIZE', 0.0457516339869281), ('=', 0.05555555555555555), ('=', 1.0), ('null', 0.6200765526608223), ('?', 0.05176860722181282), (""'a'"", 0.017793594306049824), (':', 1.0), (""'k'"", 0.8333333333333334), (';', 1.0), ('}', 0.3), ('else', 0.09878714933802425), ('{', 0.8438914027149321), ('return', 0.4259356879283078), ('stripColors', 2.5358184354000253e-05), ('(', 1.0), ('arg0', 1.0), (')', 0.4486012470407789), ('{', 0.6710117196842861), ('verticalAccuracy', 9.960655411126052e-06), ('=', 1.0), ('arg0', 1.0), ('.', 0.16889782895193176), ('length', 0.09989175815679605), (']', 0.04460019114367633), (';', 0.9310344827586207), ('}', 'Bracket balancing'), ('}', 'Bracket balancing')]",StructField function ( ) { return Long . SIZE = = null ? 'a' : 'k' ; } else { return stripColors ( arg0 ) { verticalAccuracy = arg0 . length ] ; ) )
81,"['COSDictionary', 'function']","[('(', 1.0), ('String', 0.1412), ('arg0', 0.9107784931850489), (',', 0.2893525864804824), ('arg1', 0.23269054178145088), (')', 'Paren balancing')]","COSDictionary function ( String arg0 , arg1 )"
82,"['int', 'function']","[('(', 1.0), ('ConfigurableEnvironment', 3.75e-05), ('arg0', 1.0), (',', 1.0), ('Float', 0.0002754820936639118), (')', 'Paren balancing')]","int function ( ConfigurableEnvironment arg0 , Float )"
83,"['IHttpCredentialsPlugin', 'function']",[],IHttpCredentialsPlugin function
84,"['AddressType', '.']","[('class', 0.4), (',', 0.29349736379613356), ('""', 0.03293413173652695), ('srini_string', 1.0), ('""', 1.0), ('+', 0.2183490831716628), ('shortName', 0.0005732301519059903)]","AddressType . class , "" srini_string "" + shortName"
85,"['Path', 'function']","[('(', 1.0), ('int', 0.053075), ('arg0', 0.6284711626487641), (')', 0.7018255578093306), (';', 0.2480267878497967)]",Path function ( int arg0 ) ;
86,"['NameComponent', 'function']",[],NameComponent function
87,"['void', 'function']","[('(', 1.0), (')', 0.4331875), ('{', 0.4514930171549086), ('this', 0.10428806215448977), ('.', 1.0), ('itemParameterName', 0.000106951871657754), ('+', 0.5), ('""', 1.0), ('srini_string', 1.0), ('""', 1.0), ('+', 0.2183490831716628), ('this', 0.040412725709372314), ('.', 0.9365853658536586), ('defaultProperties', 5.3475935828877e-05), ('=', 1.0), ('arg0', 1.0), (';', 0.7737393355066935), ('}', 0.8049015668943351), ('return', 0.2501157300249977), ('loc0', 0.2975956449417813), ('.', 0.25182062092755847), ('toString', 0.054314461118690316), ('(', 0.9988876529477196), (')', 0.8942052099946837), ('{', 0.4514930171549086), ('if', 0.09662831814333384), ('(', 1.0), ('arg0', 0.2232888888888889), ('.', 0.11803541062318695), ('entrySet', 0.003479202102984382), ('(', 1.0), (')', 1.0), ('{', 0.4514930171549086), ('if', 0.09662831814333384), ('(', 1.0), ('!', 0.08047407407407407), ('hasUser', 0.0038634900193174502), ('(', 1.0), (')', 'Paren balancing'), (')', 'Paren balancing'), (')', 'Paren balancing'), ('}', 'Bracket balancing'), ('}', 'Bracket balancing')]","void function ( ) { this . itemParameterName + "" srini_string "" + this . defaultProperties = arg0 ; } return loc0 . toString ( ) { if ( arg0 . entrySet ( ) { if ( ! hasUser ( ) ) ) ) )"
88,"['Filter', 'function']","[('(', 1.0), ('com', 0.0080875), ('.', 1.0), ('liferay', 0.6642771804062126), ('.', 1.0), (')', 'Paren balancing')]",Filter function ( com . liferay . )
89,"['String', 'function']","[('(', 1.0), ('@', 0.0082), ('NonNull', 0.07435508345978756), ('SearchView', 0.015873015873015872), ('arg0', 1.0), (')', 0.5), ('{', 0.6710117196842861), ('return', 0.37874396135265703), ('localAssignPrivateIpAddresses', 2.5358184354000253e-05), (';', 1.0), ('}', 1.0), ('Files', 4.629200999907416e-05), ('.', 1.0), ('asByteSink', 0.030303030303030304), ('(', 1.0), ('arg1', 1.0), (',', 0.24805566925910766), ('List', 0.006240998559769563), ('<', 0.9638009049773756), ('T', 0.08939038686987104), ('>', 0.9504076086956522), ('function', 0.36852331606217614), ('(', 1.0), ('final', 0.0385375), ('Class', 0.021452650934722647), ('<', 0.8761061946902655), ('?', 0.7097097097097097), ('>', 0.5815926892950392), ('arg0', 0.3601161665053243), (')', 0.7330173775671406), ('{', 0.6710117196842861), ('setElem', 4.980327705563026e-05), ('(', 1.0), ('0', 0.4), (')', 0.512249443207127), ('{', 0.3997691419776837), ('final', 0.010229593107226456), ('Calendar', 0.003777148253068933), ('loc0', 0.6666666666666666), ('=', 1.0), ('this', 0.021035695131398604), ('.', 0.8440111420612814), ('integerValue', 5.3475935828877e-05), ('=', 1.0), ('arg0', 1.0), (';', 0.7737393355066935), ('}', 0.8049015668943351), ('return', 0.2501157300249977), ('null', 0.07530621503099955), (';', 0.9955379276152702), (')', 'Paren balancing'), ('}', 'Bracket balancing')]","String function ( @ NonNull SearchView arg0 ) { return localAssignPrivateIpAddresses ; } Files . asByteSink ( arg1 , List < T > function ( final Class < ? > arg0 ) { setElem ( 0 ) { final Calendar loc0 = this . integerValue = arg0 ; } return null ; ) )"
90,"['AttributeDataset', 'function']",[],AttributeDataset function
91,"['void', 'function']","[('(', 1.0), (')', 0.4331875), (';', 0.28056119955762454), ('unresolvedRefs', 1.2691482745929207e-05), ('.', 1.0), ('get', 0.5), ('(', 0.9996771068776235), ('arg0', 0.4023686607956271), (')', 0.4486012470407789), ('{', 0.6710117196842861), ('arg0', 0.012102196324518153), ('.', 0.707681849082257), ('length', 0.09989175815679605), (']', 0.04460019114367633), (';', 0.9310344827586207), ('if', 0.05049453409682457), ('(', 1.0), ('loc0', 0.14974814814814816), (')', 0.3778118609406953), ('{', 0.24531355360755225), ('this', 0.10428806215448977), ('.', 1.0), ('state', 0.00267379679144385), ('=', 0.5507246376811594), ('arg0', 0.35294117647058826), ('*', 0.002635777207463411), ('1000', 0.0223463687150838), (';', 0.3611111111111111), ('}', 0.391304347826087), ('InputStream', 4.629200999907416e-05), ('loc2', 1.0), (';', 0.2), ('}', 0.6694444444444444), ('ISMigrationServiceDataHolder', 4.629200999907416e-05), ('.', 1.0), ('setRealmService', 1.0), ('(', 1.0), ('null', 1.0), (',', 0.43478260869565216), ('null', 0.22525597269624573), (',', 0.40481565086531224), ('null', 0.22525597269624573), (')', 0.5944319036869827), ('{', 0.6399664750957854), ('closeConnectionAfterXBytes', 9.960655411126052e-06), ('=', 1.0), ('arg0', 1.0), (';', 0.7737393355066935), ('}', 0.8049015668943351), ('return', 0.2501157300249977), ('ids', 0.00015121729925903524), ('.', 0.3333333333333333), ('contains', 0.14285714285714285), ('(', 0.9975728155339806), (')', 'Paren balancing')]","void function ( ) ; unresolvedRefs . get ( arg0 ) { arg0 . length ] ; if ( loc0 ) { this . state = arg0 * 1000 ; } InputStream loc2 ; } ISMigrationServiceDataHolder . setRealmService ( null , null , null ) { closeConnectionAfterXBytes = arg0 ; } return ids . contains ( )"
92,"['int', 'function']","[('(', 1.0), (')', 0.4331875), (';', 0.28056119955762454), ('char', 0.00026652113766451334), ('loc1', 0.14705882352941177), ('=', 0.6), ('arg0', 0.06643860280878645)]",int function ( ) ; char loc1 = arg0
93,"['WorkflowExecutionFailedEventAttributes', 'function']",[],WorkflowExecutionFailedEventAttributes function
94,"['void', 'function']","[('(', 1.0), ('Selector', 0.000125), ('arg0', 0.9090909090909091), (')', 0.6363636363636364), (';', 0.2480267878497967), ('int', 0.0074752833373523024), ('loc2', 0.2179372197309417), ('=', 0.9627329192546584), ('loc3', 0.001654715940430226), ('.', 0.46153846153846156), ('next', 0.14166666666666666), (';', 0.10874200426439233), ('elementCount', 0.015151515151515152), ('+', 0.2), ('+', 1.0), (']', 0.07499018453082057), (';', 0.17801047120418848), ('arg2', 0.005726184279021343), ('[', 0.20754716981132076), ('1', 0.10810810810810811), (']', 0.99), ('&', 0.05938697318007663), ('0xff', 0.4669603524229075), (']', 0.027624309392265192), (';', 0.6), ('final', 0.003643935450286309)]",void function ( Selector arg0 ) ; int loc2 = loc3 . next ; elementCount + + ] ; arg2 [ 1 ] & 0xff ] ; final
95,"['float', 'function']","[('(', 1.0), ('Class', 0.0062), ('<', 0.7974683544303798), ('?', 0.7097097097097097), ('super', 0.08942558746736293), ('T1', 0.05232558139534884), ('>', 0.1111111111111111), ('arg0', 0.6), (')', 0.7330173775671406), ('{', 0.6710117196842861), ('_builder', 9.960655411126052e-06), ('.', 1.0), ('provisionerConfig', 1.0), ('(', 1.0), ('arg0', 1.0), (',', 0.2759494515021173), ('""', 0.02226813590449954), ('srini_string', 1.0), ('""', 1.0), (',', 0.17497966080480631), ('1.0f', 0.000357653791130186), (')', 0.5), (';', 0.3), ('}', 0.581206452349828), ('return', 0.2501157300249977), ('false', 0.07757447451988507), (';', 1.0), ('Proxy', 0.0003748125937031484), ('loc0', 1.0), ('=', 1.0), ('getMdpattern', 5.9591204338239674e-05), ('(', 1.0), (')', 1.0), ('{', 0.4514930171549086), ('loc0', 0.02460281886548135), ('=', 0.4141515761234071), ('37', 0.0006555032477206364), ('*', 0.8181818181818182), ('name', 0.045454545454545456), ('.', 0.875), ('}', 'Bracket balancing')]","float function ( Class < ? super T1 > arg0 ) { _builder . provisionerConfig ( arg0 , "" srini_string "" , 1.0f ) ; } return false ; Proxy loc0 = getMdpattern ( ) { loc0 = 37 * name . )"
96,"['DecoderResult', 'function']","[('(', 1.0), (')', 0.4331875), ('.', 0.07301766929862916), ('cancel', 0.0012322168701691498), ('(', 0.9891304347826086), (')', 0.7741935483870968), ('{', 0.4514930171549086), ('char', 0.000936301608645849), ('[', 0.4787234042553192), (']', 0.7889273356401384), ('loc1', 0.05346820809248555), ('=', 0.9579579579579579), ('new', 0.17302844796543032), ('Task', 0.00029073993312981537), ('(', 1.0), (')', 0.2222222222222222), (',', 0.028034258378128136), ('batchRequests', 0.00028538812785388126), ('.', 1.0), ('stream', 1.0), ('.', 0.6439393939393939), ('XMLStreamWriter', 0.5108695652173914), ('arg4', 0.3829787234042553), ('}', 'Bracket balancing')]","DecoderResult function ( ) . cancel ( ) { char [ ] loc1 = new Task ( ) , batchRequests . stream . XMLStreamWriter arg4 )"
97,"['void', 'function']","[('(', 1.0), ('String', 0.1412), ('arg0', 0.9107784931850489), (',', 0.2893525864804824), ('long', 0.013223140495867768), ('arg1', 0.7196765498652291), (')', 0.7294520547945206), ('{', 0.5701229756064781), ('int', 0.015000747049155834), ('loc0', 0.8683527885862516), ('}', 'Bracket balancing')]","void function ( String arg0 , long arg1 ) { int loc0 )"
98,"['Bios', 'function']",[],Bios function
99,"['DrawableTypeRequest', '<']","[('byte', 1.0), ('[', 1.0), (']', 0.8702776513427402), ('arg0', 0.2683044315992293), (',', 0.37223219628964693), ('String', 0.1318181818181818), ('arg1', 0.5978236227612787), (',', 0.3895231699126931), ('javax', 0.03444551128180509), ('.', 1.0), ('xml', 0.9509803921568627), ('.', 0.9950372208436724), ('stream', 0.20947630922693267)]","DrawableTypeRequest < byte [ ] arg0 , String arg1 , javax . xml . stream"
100,"['void', 'function']","[('(', 1.0), ('Graphics', 0.0003875), ('arg0', 1.0), (',', 0.8235294117647058), ('String', 0.1318181818181818), ('arg7', 0.001813647698934482), (')', 0.4444444444444444), ('{', 0.44), ('loc0', 0.02460281886548135), ('=', 0.4141515761234071), ('}', 'Bracket balancing')]","void function ( Graphics arg0 , String arg7 ) { loc0 = )"
